slug	name	category	tier	course	stages	gloss
1033-waiver	18 U.S.C. 1033 Waiver	Legal & Consumer Rights	standard	fl	2	Written consent letting a felon work in insurance
10y-2y-spread	10-year minus 2-year spread	Bonds	standard	econ	3,5	Most-quoted yield curve gap between two Treasury maturities
10y-3m-spread	10-year minus 3-month spread	Bonds	standard	econ	3,5	Curve measure with the stronger recession-signal record
200-day-moving-average	200-Day Moving Average	Indicators	pillar	ta	2	Long-term trend line dividing bull from bear conditions
211	211	Benefits & Disability	standard	fl	1	National hotline routing you to local emergency assistance
4-percent-rule	4% Rule	Retirement	pillar	fl	5	Guideline for how much of a portfolio to withdraw yearly
401k-loan	401(k) Loan	Retirement	pillar	fl	4	Borrowing from your own plan balance instead of withdrawing
50-30-20-rule	50/30/20 Rule	Budgeting	pillar	fl	1	Splitting income into needs, wants, and savings plus debt
529-plan	529 Plan	Investing	pillar	fl	5	Tax-advantaged account for education expenses
5y5y-forward-breakeven	5y5y forward breakeven	Bonds	standard	econ	2,5	Expected inflation for years five to ten out
ability-to-repay	Ability-to-Repay Rule	Credit & Debt	standard	fl	3	What a mortgage lender must verify before lending, and what it does not require
acats-transfer	ACATS Transfer	Investing	standard	fl	3	Moving an account between brokers without selling anything
accounting-equation	Accounting equation	Accounting Concepts	standard	fund	1,3	Assets equal liabilities plus shareholders' equity
accounts-payable	Accounts payable	Balance Sheet	standard	fund	3	What a company owes suppliers; interest-free trade credit
accounts-receivable	Accounts receivable	Balance Sheet	pillar	fund	1,3	Money customers owe for goods already delivered
accrual-accounting	Accrual accounting	Accounting Concepts	standard	fund	1	Recording revenue when earned and costs when incurred
accumulation	Accumulation	Volume	standard	ta	2	Quiet steady buying before a visible price rally
accumulation-distribution-line	Accumulation/Distribution Line	Volume	standard	ta	2	Volume-weighted line tracking money flow into a stock
adam-and-eve-pattern	Adam and Eve Pattern	Chart Patterns	standard	ta	3	Naming for spike versus rounded double-bottom shapes
adjusted-ebitda	Adjusted EBITDA	Income Statement	standard	fund	2	Company-defined EBITDA with further items excluded
affordable-connectivity-program	Affordable Connectivity Program (ACP)	Benefits & Disability	standard	fl	1	Ended internet subsidy now widely used as scam bait
american-job-center	American Job Center	Income & Work	standard	fl	2,3	Free public office for training funds and job search help
analysis-paralysis	Analysis Paralysis	Risk & Position Sizing	standard	ta	4	Freezing from too many conflicting indicator signals
anchored-inflation-expectations	Anchored inflation expectations	Inflation	standard	econ	2	Public still believes inflation returns to target despite current prints
anchoring-bias	Anchoring Bias	Cognitive Biases	pillar	psych	2	Letting an irrelevant first number steer later judgments
anticipated-regret	Anticipated Regret	Cognitive Biases	standard	psych	4	Trading to avoid how you'd feel about missing out
arrearage-forgiveness	Arrearage Forgiveness	Housing	standard	fl	1	Utility program erasing old balance for on-time payments
ascending-triangle	Ascending Triangle	Chart Patterns	pillar	ta	3	Flat resistance with rising lows; bullish bias
asset-class	Asset Class	Investing	pillar	fl	4	Category of investment: stocks, bonds, cash, gold, property
automatic-enrollment	Automatic Enrollment (SECURE 2.0)	Retirement	standard	fl	4	Default 401(k) sign-up with yearly contribution escalation
automatic-stabilizers	Automatic stabilizers	Economics Basics	standard	econ	1	Spending and tax features that cushion downturns without new laws
availability-heuristic	Availability Heuristic	Cognitive Biases	standard	psych	2	Judging likelihood by how easily examples come to mind
average-daily-volume	Average Daily Volume	Volume	standard	ta	1,2	A stock's typical daily share turnover baseline
average-hourly-earnings	Average hourly earnings	Labor Market	standard	econ	1	Wage growth measure that turns jobs data into inflation news
average-true-range-atr	Average True Range (ATR)	Indicators	pillar	ta	2	Measure of a security's typical volatility per period
averaging-down	Averaging Down	Risk Management	standard	psych	2,3	Buying more of a losing position to lower cost basis
backdoor-roth-ira	Backdoor Roth IRA	Retirement	pillar	fl	3	Non-deductible contribution converted to a Roth
balance-of-payments-identity	Balance of payments identity	Global Economy	standard	econ	4	A current account deficit must be matched by capital inflows
balance-sheet	Balance sheet	Balance Sheet	pillar	fund	1,3	Snapshot of what a company owns and owes
balance-transfer	Balance Transfer	Credit & Debt	pillar	fl	2	Moving card debt to a 0% promotional card for a fee
ban-the-box	Ban-the-Box	Income & Work	standard	fl	2	Laws barring conviction questions on initial job applications
bank-on	Bank On	Banking	standard	fl	1	Certification for low-fee, no-overdraft accounts at participating banks
bar-chart	Bar Chart	Chart Basics	standard	ta	1	Vertical range bar with open and close tick marks
barriers-to-entry	Barriers to entry	Business Quality	standard	fund	5	Obstacles that keep new competitors out of an industry
base-effects	Base effects	Inflation	standard	econ	2	Year-over-year moves caused by the comparison month, not now
basis-point	Basis point	Interest Rates	standard	econ	3	One hundredth of a percentage point
bear-market	Bear Market	Investing	pillar	fl	4	A fall of 20% or more from a market peak
bearish-candle	Bearish Candle	Candlesticks	standard	ta	1	Candle closing below its open; sellers had control
bearish-divergence	Bearish Divergence	Trend & Momentum	standard	ta	2,4	New price high the indicator fails to confirm
bearish-engulfing-pattern	Bearish Engulfing Pattern	Candlesticks	pillar	ta	3	Large down candle swallowing the prior up candle's body
beneficiary-designation	Beneficiary Designation	Legal & Consumer Rights	pillar	fl	5	Account form that transfers assets outside a will
beta	Beta	Valuation	standard	fund	4	A stock's historical price sensitivity to the overall market
bollinger-band-squeeze	Bollinger Band Squeeze	Indicators	pillar	ta	4	Bands narrowing on low volatility before a big move
bond-coupon	Bond coupon	Bonds	standard	econ	3	The fixed interest payment a bond makes each year
bond-duration	Bond duration	Bonds	standard	econ	3,5	How much a bond's price moves per point of yield
bond-proxy	Bond proxy	Sectors & Cycles	standard	econ	5	Dividend stock that trades against bond yields
book-value-per-share	Book value per share	Balance Sheet	pillar	fund	3,4	Shareholders' equity divided by shares outstanding
boredom-trading	Boredom Trading	Emotion & Discipline	standard	psych	4	Entering because nothing is happening, not because setup appeared
box-size	Box Size	Chart Basics	standard	ta	5	Price interval each X or O represents
breakaway-gap	Breakaway Gap	Chart Patterns	standard	ta	3	Gap at a genuine breakout from a pattern
breakeven-bias	Breakeven Bias	Cognitive Biases	standard	psych	2	Urge to exit at entry price rather than plan
breakeven-inflation-rate	Breakeven inflation rate	Bonds	standard	econ	2,3,5	Inflation the bond market implies, from TIPS versus Treasuries
brokerage-account	Brokerage Account	Investing	pillar	fl	3	Account that holds stocks, funds, and ETFs
budget-billing	Budget Billing	Housing	standard	fl	1	Utility plan averaging annual usage into equal monthly payments
budget-deficit	Budget deficit	Economics Basics	pillar	econ	1	How much more government spent than it collected this year
building-permits	Building permits	Economic Indicators	standard	econ	4	Approvals to build, a classic housing leading indicator
bull-trap-bear-trap	Bull Trap and Bear Trap	Market Structure	pillar	ta	5	Confirmed-looking signal that quickly reverses against you
bullish-candle	Bullish Candle	Candlesticks	standard	ta	1	Candle closing above its open; buyers had control
bullish-divergence	Bullish Divergence	Trend & Momentum	standard	ta	2,4	New price low the indicator fails to confirm
bullish-engulfing-pattern	Bullish Engulfing Pattern	Candlesticks	pillar	ta	3	Large up candle swallowing the prior down candle's body
business-cycle	Business cycle	Sectors & Cycles	pillar	econ	1,5	The wave of expansion, peak, contraction and trough
buy-borrow-die	Buy, Borrow, Die	Investing	standard	fl	5	Borrowing against appreciated stock instead of selling it
buy-here-pay-here	Buy-Here-Pay-Here	Credit & Debt	standard	fl	1,3	Dealer that is also the lender, at the market's worst rates
buying-climax	Buying Climax	Volume	standard	ta	2	Frantic high-volume surge that often marks a top
calibration	Calibration	Performance Measurement	standard	psych	2,5	How well stated confidence matches realised hit rate
candidate-changes-list	Candidate Changes List	Process & Systems	standard	psych	2,5	Parking place for mid-period urges to change rules
candlestick	Candlestick	Candlesticks	pillar	ta	1,3	Colored bar showing open, high, low and close
candlestick-chart	Candlestick Chart	Candlesticks	pillar	ta	1,3	Chart drawn from colored candle bodies and shadows
candlestick-wick	Candlestick Shadow (Wick)	Candlesticks	standard	ta	1	Thin line marking the period's high or low
capacity-utilization	Capacity utilization	Economic Indicators	standard	econ	2	How much of productive capacity is actually in use
capital-allocation	Capital allocation	Business Quality	standard	fund	3,5	How management deploys cash across five competing uses
capital-asset-pricing-model	Capital asset pricing model (CAPM)	Valuation	standard	fund	4	Risk-free rate plus beta times the equity risk premium
capital-cycle	Capital cycle	Sectors & Cycles	standard	econ	5	High prices attract investment that eventually crushes prices
capital-expenditures	Capital expenditures (capex)	Cash Flow	pillar	fund	3	Cash spent buying or maintaining long-lived assets
capital-intensity	Capital intensity	Sectors & Cycles	standard	econ	5	How much external financing a business continually needs
capitalization-rate	Capitalization rate	Sectors & Cycles	standard	econ	5	Yield used to value property from its rental income
capitalized-costs	Capitalized costs	Accounting Concepts	standard	fund	3,5	Spending recorded as an asset instead of an expense
carry-trade	Carry trade	Global Economy	standard	econ	3	Borrowing cheap currency to invest in a higher-yielding one
cash-and-cash-equivalents	Cash and cash equivalents	Balance Sheet	standard	fund	3	Cash and near-cash holdings convertible immediately
cash-conversion-cycle	Cash conversion cycle	Ratios	standard	fund	3	Days cash is tied up between paying suppliers and collecting
cash-flow-duration	Cash flow duration	Sectors & Cycles	standard	econ	5	How far in the future a company's profits sit
cash-flow-statement	Cash flow statement	Cash Flow	pillar	fund	1,3	Statement tracking actual cash in and out over a period
catapult-pattern	Catapult Pattern	Chart Patterns	standard	ta	5	Breakout, pullback, then a second breakout same direction
catch-up-contribution	Catch-Up Contribution	Retirement	pillar	fl	3	Extra retirement contribution allowed at older ages
ccdf	CCDF (Child Care and Development Fund)	Benefits & Disability	standard	fl	1	Main federal childcare subsidy, administered by states
cdfi	CDFI (Community Development Financial Institution)	Banking	standard	fl	3	Certified lender whose mission is serving underbanked communities
central-bank-balance-sheet	Central bank balance sheet	Central Banking	standard	econ	3	Assets a central bank holds; a second policy lever
central-bank-independence	Central bank independence	Central Banking	standard	econ	3	Insulation from political control that keeps inflation promises credible
certified-pre-owned	Certified Pre-Owned (CPO)	Budgeting	pillar	fl	3	Manufacturer-inspected used car with a factory-backed warranty
chapter-13-bankruptcy	Chapter 13 Bankruptcy	Legal & Consumer Rights	pillar	fl	3	Court-supervised repayment plan over several years
chapter-7-bankruptcy	Chapter 7 Bankruptcy	Legal & Consumer Rights	pillar	fl	3	Liquidation bankruptcy that discharges most unsecured debt
charitable-remainder-trust	Charitable Remainder Trust (CRT)	Taxes	standard	fl	5	Trust paying you income, with the remainder to charity
charity-care	Charity Care	Insurance	pillar	fl	1,2	Nonprofit hospital's required financial assistance policy
chart-timeframe	Chart Timeframe	Chart Basics	standard	ta	1,2	How much time each bar on a chart covers
chexsystems	ChexSystems	Banking	pillar	fl	1	Banking's version of a credit report; why accounts get denied
chip	CHIP (Children's Health Insurance Program)	Benefits & Disability	pillar	fl	1	Kids' health coverage above Medicaid income limits
closing-costs	Closing Costs	Housing	pillar	fl	5	Fees paid at settlement on top of the purchase price
coincident-indicator	Coincident indicator	Economic Indicators	standard	econ	1,4	Data that moves with the economy in real time
collectibles-tax-rate	Collectibles Tax Rate	Taxes	standard	fl	4	Higher capital gains rate applied to gold and collectibles
collections-account	Collections Account	Credit & Debt	pillar	fl	2,3	Debt sold or assigned to a third-party collector
commitment-device	Commitment Device	Process & Systems	standard	psych	1,5	Structure that binds your future self to today's decision
commodity-channel-index-cci	Commodity Channel Index (CCI)	Indicators	standard	ta	4	Oscillator flagging overbought and oversold price deviations
commodity-hedging	Commodity hedging	Sectors & Cycles	standard	econ	5	Contracts that delay, not remove, a commodity price impact
commodity-pass-through	Commodity pass-through	Sectors & Cycles	standard	econ	5	Whether a company can push input costs onto customers
common-gap	Common (Area) Gap	Chart Patterns	standard	ta	3	Gap inside consolidation with little forecasting value
common-size-analysis	Common-size analysis	Ratios	standard	fund	2	Restating every statement line as a percentage of revenue
comparable-company-analysis	Comparable company analysis	Valuation	standard	fund	4	Valuing a company against multiples of similar businesses
compliance-rate	Compliance Rate	Performance Measurement	standard	psych	1,5	Percentage of applicable rules you actually followed
confidence-log	Confidence Log	Process & Systems	standard	psych	2,5	Recording pre-trade confidence to test your own calibration
confirmation-bias	Confirmation Bias	Cognitive Biases	pillar	psych	2	Favouring information that supports what you already believe
confirmation-close	Confirmation Close	Market Structure	standard	ta	3	Close beyond a level that validates a pattern
confluence	Confluence	Risk & Position Sizing	standard	ta	4	Multiple independent tools pointing to the same conclusion
consensus-forecast	Consensus forecast	Economic Indicators	standard	econ	1,4	The economist expectation a release is measured against
consumer-confidence-index	Consumer confidence index	Economic Indicators	standard	econ	4	Survey of how households feel about the economy
continuation-pattern	Continuation Pattern	Chart Patterns	standard	ta	3	Pause shape that resolves in the prior trend direction
continuum-of-care	Continuum of Care (CoC)	Housing	standard	fl	1	HUD-funded body coordinating homeless services in a region
control-premium	Control premium	Valuation	standard	fund	4	Extra price an acquirer pays to control a business
convexity	Convexity	Bonds	standard	econ	3	Why duration understates gains and overstates losses on big moves
coordinated-entry	Coordinated Entry	Housing	standard	fl	1	Standardized intake that prioritizes you for local housing programs
core-inflation	Core inflation	Inflation	pillar	econ	2,4	Inflation excluding volatile food and energy prices
core-pce	Core PCE	Inflation	pillar	econ	2,5	PCE inflation excluding food and energy; the Fed's guide
corrective-wave	Corrective Wave (A-B-C)	Market Structure	standard	ta	5	Three-wave move partially retracing the prior impulse
correlated-positions	Correlated Positions	Risk Management	standard	psych	3	Separate trades that actually rise and fall together
cosigner	Cosigner	Credit & Debt	pillar	fl	3	Person equally liable for someone else's loan
cost-advantage	Cost advantage	Business Quality	standard	fund	5	Structurally lower cost to produce the same thing
cost-of-equity	Cost of equity	Valuation	standard	fund	4	Return shareholders require for holding the stock
cost-of-goods-sold	Cost of goods sold (COGS)	Income Statement	pillar	fund	2	Direct costs of producing what the company sold
cost-push-inflation	Cost-push inflation	Inflation	standard	econ	2	Prices rise because production costs rose, not demand
cpi-shelter	CPI shelter component	Inflation	standard	econ	2	Housing costs, CPI's largest piece, lagging market rents badly
creation-and-redemption	Creation and Redemption	Investing	standard	fl	4	Mechanism keeping an ETF's price near its holdings' value
credit-bureau	Credit Bureau	Credit & Debt	pillar	fl	1,3	Equifax, Experian, TransUnion - the three reporting companies
credit-mix	Credit Mix	Credit & Debt	standard	fl	1	Having different debt types; a minor scoring factor
credit-repair-organizations-act	Credit Repair Organizations Act	Legal & Consumer Rights	standard	fl	3	Law regulating credit repair companies and banning guaranteed-score claims
credit-report	Credit Report	Credit & Debt	pillar	fl	1,3	Your borrowing record, free weekly from all three bureaus
credit-report-dispute	Credit Report Dispute	Legal & Consumer Rights	pillar	fl	1,3	Free challenge to an inaccurate item on your report
credit-risk	Credit risk	Bonds	standard	econ	3	Risk that a borrower fails to pay you back
credit-spread	Credit spread	Bonds	standard	econ	3,5	Extra yield a company pays above an equivalent government bond
credit-union	Credit Union	Banking	pillar	fl	1,3	Member-owned nonprofit alternative to a bank
current-account	Current account	Global Economy	standard	econ	4	Trade balance plus cross-border income and transfer flows
current-ratio	Current ratio	Ratios	pillar	fund	3	Current assets divided by current liabilities
current-yield	Current yield	Bonds	standard	econ	3	Annual coupon divided by the bond's current price
curve-steepening	Curve steepening	Bonds	standard	econ	3	Long yields rising above short ones by a widening gap
custodial-account	Custodial Account (UTMA/UGMA)	Investing	pillar	fl	4,5	Investment account an adult manages for a minor
custodial-roth-ira	Custodial Roth IRA	Retirement	pillar	fl	5	Roth IRA for a minor with earned income
customer-concentration	Customer concentration	Business Quality	standard	fund	2,5	Share of revenue depending on a few large customers
cyclical-sectors	Cyclical sectors	Sectors & Cycles	standard	econ	5	Industries whose earnings swing hard with the economy
daily-loss-limit	Daily Loss Limit	Risk Management	standard	psych	3,4	Fixed loss that ends trading for the day
days-inventory-outstanding	Days inventory outstanding (DIO)	Ratios	standard	fund	3	Average days inventory sits before it sells
days-payable-outstanding	Days payable outstanding (DPO)	Ratios	standard	fund	3	Average days a company takes to pay suppliers
days-sales-outstanding	Days sales outstanding (DSO)	Ratios	standard	fund	3	Average days a company waits to collect from customers
death-cross	Death Cross	Indicators	pillar	ta	2	50-day average crossing below the 200-day; bearish signal
debt-avalanche	Debt Avalanche	Credit & Debt	pillar	fl	1,2	Paying the highest interest rate debt first
debt-consolidation-loan	Debt Consolidation Loan	Credit & Debt	pillar	fl	2	One loan replacing several debts, ideally at a lower rate
debt-covenant	Debt covenant	Balance Sheet	standard	fund	3	Loan condition a borrower must keep meeting
debt-snowball	Debt Snowball	Credit & Debt	pillar	fl	2	Paying the smallest balance first for motivation
debt-to-equity-ratio	Debt-to-equity ratio	Ratios	pillar	fund	3	Total debt divided by shareholders' equity
debt-to-gdp-ratio	Debt-to-GDP ratio	Economics Basics	standard	econ	1	Government debt measured against the size of the economy
debt-validation-letter	Debt Validation Letter	Legal & Consumer Rights	pillar	fl	2	Written demand that a collector prove the debt is yours
decision-fatigue	Decision Fatigue	Emotion & Discipline	standard	psych	4	Judgment degrading after many choices in a session
defensive-sectors	Defensive sectors	Sectors & Cycles	standard	econ	5	Industries selling things people buy in any economy
deferred-interest	Deferred Interest	Credit & Debt	pillar	fl	1	Promo financing that bills all back interest if any balance remains
deferred-revenue	Deferred revenue	Balance Sheet	pillar	fund	1,2,3	Cash collected for goods or services not yet delivered
deflation	Deflation	Inflation	pillar	econ	2	A sustained fall in the general price level
deliberate-practice	Deliberate Practice	Process & Systems	standard	psych	5	Focused drilling of one weakness with immediate feedback
demand-pull-inflation	Demand-pull inflation	Inflation	standard	econ	2	Prices rise because spending outruns what the economy can supply
depreciation	Depreciation	Accounting Concepts	pillar	fund	1,3	Spreading a physical asset's cost across its useful life
descending-triangle	Descending Triangle	Chart Patterns	pillar	ta	3	Flat support with falling highs; bearish bias
diagonal-elliott-wave	Diagonal (Elliott Wave)	Market Structure	standard	ta	5	Motive wave where wave 4 may overlap wave 1
diffusion-index	Diffusion index	Economic Indicators	standard	econ	4	Index built from how many respondents improved versus worsened
diluted-eps	Diluted EPS	Income Statement	standard	fund	2	EPS counting options and convertibles as if exercised
discount-rate	Discount rate	Valuation	standard	fund	4	The return required to compensate for time and risk
discounted-cash-flow	Discounted cash flow (DCF)	Valuation	pillar	fund	1,4	Valuing a business by discounting its forecast future cash
disinflation	Disinflation	Inflation	standard	econ	2	Prices still rising, but at a slowing pace
disposable-earnings	Disposable Earnings	Legal & Consumer Rights	standard	fl	1,2	The defined pay figure a garnishment is measured against, not take-home
disposition-effect	Disposition Effect	Behavioral Finance	pillar	psych	2	Selling winners too early and holding losers too long
distribution	Distribution	Volume	standard	ta	2	Quiet steady selling before a visible price decline
divergence	Divergence	Trend & Momentum	pillar	ta	2,4	Price and indicator disagreeing on direction
diversification	Diversification	Business Quality	pillar	fund	5	Spreading capital so one mistake can't sink you
dividend	Dividend	Investing	pillar	fl	4	Cash a company pays shareholders out of profits
dividend-payout-ratio	Dividend payout ratio	Ratios	pillar	fund	4	Dividends per share divided by earnings per share
doji	Doji	Candlesticks	pillar	ta	3	Candle opening and closing at nearly the same price
dollar-cost-averaging	Dollar-Cost Averaging	Investing	pillar	fl	4	Investing a fixed amount on a fixed schedule
donor-advised-fund	Donor Advised Fund (DAF)	Taxes	pillar	fl	5	Charitable account giving an immediate deduction, granted out later
dot-plot	Dot plot	Central Banking	standard	econ	3	Chart of each FOMC participant's future policy-rate forecast
double-bottom	Double Bottom	Chart Patterns	pillar	ta	3	Two troughs at similar lows signalling a bullish reversal
double-top	Double Top	Chart Patterns	pillar	ta	3	Two peaks at similar highs signalling a bearish reversal
double-top-buy-signal	Double-Top Buy Signal (P&F)	Chart Patterns	standard	ta	5	X column exceeding the previous X column's high
double-up-food-bucks	Double Up Food Bucks	Benefits & Disability	standard	fl	1	Program matching SNAP dollars spent on fresh produce
dovish	Dovish	Central Banking	standard	econ	3	Leaning toward supporting growth with lower rates
downtrend	Downtrend	Trend & Momentum	pillar	ta	2	Sequence of lower highs and lower lows
drawdown	Drawdown	Risk Management	standard	psych	3,5	Decline from an equity peak to a later trough
drip-dividend-reinvestment-plan	DRIP (Dividend Reinvestment Plan)	Investing	pillar	fl	4	Setting dividends to automatically buy more shares
dual-class-share-structure	Dual-class share structure	Filings & Disclosure	standard	fund	5	Share classes with unequal voting power
dual-mandate	Dual mandate	Central Banking	standard	econ	1,3	The Fed's twin goals: maximum employment and stable prices
early-withdrawal-penalty	Early Withdrawal Penalty	Retirement	pillar	fl	3,4	10% charge for taking retirement earnings before 59.5
earnings-per-share	Earnings per share (EPS)	Income Statement	pillar	fund	2	Net income divided by shares outstanding
earnings-quality	Earnings quality	Accounting Concepts	standard	fund	3,5	How well reported profit reflects sustainable economic performance
earnings-yield	Earnings yield	Valuation	standard	fund	4	EPS divided by price; the inverse of P/E
ebitda	EBITDA	Income Statement	pillar	fund	2,4	Earnings before interest, taxes, depreciation and amortization
economic-expansion	Economic expansion	Sectors & Cycles	standard	econ	1	The growth phase between a recession's end and the next peak
economic-moat	Economic moat	Business Quality	pillar	fund	5	Structural advantage that keeps competitors from taking the business
economic-surprise	Economic surprise	Economic Indicators	standard	econ	1,4	Gap between a released figure and what was expected
edgar	EDGAR	Filings & Disclosure	pillar	fund	1	SEC's free public database of every company filing
edge	Edge	Performance Measurement	standard	psych	1,3	Structural reason your method makes money over time
effective-federal-funds-rate	Effective federal funds rate	Central Banking	standard	econ	3	Volume-weighted median of actual overnight bank lending trades
effective-tax-rate	Effective tax rate	Ratios	standard	fund	2	Income tax expense divided by pre-tax income
efficient-scale	Efficient scale	Business Quality	standard	fund	5	Market too small to profitably support additional entrants
ein	EIN (Employer Identification Number)	Income & Work	pillar	fl	5	Free federal tax ID for a business
eligible-training-provider-list	Eligible Training Provider List (ETPL)	Income & Work	standard	fl	2	State list of schools WIOA money is allowed to fund
elliott-wave-theory	Elliott Wave Theory	Market Structure	pillar	ta	5	Framework mapping crowd psychology into repeating wave structures
emerging-markets	Emerging markets	Global Economy	pillar	econ	4	Faster-growing economies carrying currency and funding risks
employer-match	Employer Match	Retirement	pillar	fl	3,4	Money your employer adds when you contribute
emtala	EMTALA	Legal & Consumer Rights	standard	fl	1	Law requiring ERs to screen and stabilize regardless of payment
enterprise-value	Enterprise value (EV)	Valuation	pillar	fund	4	Market cap plus debt minus cash; the whole business's price
equity-risk-premium	Equity risk premium	Valuation	standard	fund	4	Extra return investors demand for stocks over government bonds
establishment-survey	Establishment survey	Labor Market	standard	econ	1	Employer survey producing payrolls and average hourly earnings
estimated-quarterly-taxes	Estimated Quarterly Taxes	Taxes	pillar	fl	1,5	Prepayments the IRS expects when nobody withholds for you
euphoria	Euphoria	Emotion & Discipline	standard	psych	4	Post-winning-streak state that quietly raises every risk
ev-to-ebit	EV/EBIT	Valuation	standard	fund	4	Enterprise value over operating income; counts depreciation as a cost
ev-to-ebitda	EV/EBITDA	Valuation	pillar	fund	4	Enterprise value divided by EBITDA; capital-structure-neutral multiple
ev-to-free-cash-flow	EV/FCF	Valuation	standard	fund	4	Enterprise value over free cash flow; the strictest multiple
ev-to-sales	EV/Sales	Valuation	standard	fund	4	Enterprise value over revenue; debt-aware version of P/S
evening-star	Evening Star	Candlesticks	pillar	ta	3	Three-candle bearish reversal pattern at a top
ex-dividend-date	Ex-Dividend Date	Investing	pillar	fl	4	Date a stock's price drops by the dividend amount
exhaustion-gap	Exhaustion Gap	Chart Patterns	standard	ta	3	Final gap at the end of a sharp move
exit-multiple	Exit multiple	Valuation	standard	fund	4	Multiple applied to final-year earnings to set terminal value
expectancy	Expectancy	Performance Measurement	pillar	psych	1,3,4,5	Average profit or loss per trade after costs
expedited-snap	Expedited SNAP	Benefits & Disability	standard	fl	1	Seven-day emergency food benefits for households with almost nothing
expense-ratio	Expense Ratio	Investing	pillar	fl	3,4	Annual percentage a fund charges, deducted automatically
exponential-moving-average-ema	Exponential Moving Average (EMA)	Indicators	pillar	ta	2,4	Moving average weighting recent prices more heavily
fafsa	FAFSA	Income & Work	pillar	fl	2	Free federal application that unlocks grants and aid
fair-credit-reporting-act	Fair Credit Reporting Act (FCRA)	Legal & Consumer Rights	pillar	fl	3	Law governing credit reports, disputes, and prescreened offers
falling-wedge	Falling Wedge	Chart Patterns	pillar	ta	3	Both lines falling, highs faster; usually breaks up
false-breakout	False Breakout (Fakeout)	Market Structure	pillar	ta	2,3	Price clears a level then snaps back inside
false-signal	False Signal	Market Structure	standard	ta	3	Apparently valid signal that immediately fails
falsifiable-rule	Falsifiable Rule	Process & Systems	standard	psych	1,5	Rule a stranger could verify you followed
falsifier	Falsifier	Process & Systems	standard	psych	2	Observable event defined in advance that disproves your thesis
fcf-payout-ratio	FCF payout ratio	Ratios	standard	fund	4	Dividends paid divided by free cash flow
fdcpa	Fair Debt Collection Practices Act (FDCPA)	Legal & Consumer Rights	pillar	fl	2	Federal law limiting what debt collectors can do
fed-funds-target-range	Target range	Central Banking	standard	econ	3	The band the Fed sets for the overnight policy rate
federal-bonding-program	Federal Bonding Program	Income & Work	standard	fl	2	Free fidelity bond covering employers who hire at-risk workers
federal-poverty-guideline	Federal Poverty Guideline	Benefits & Disability	pillar	fl	1,2	Annual income figure that gates most benefit programs
fha-loan	FHA Loan	Housing	pillar	fl	5	Low-down-payment mortgage with flexible credit requirements
fibonacci-extension	Fibonacci Extension	Trend & Momentum	standard	ta	5	Ratio multiples projecting how far a move travels
financial-contagion	Financial contagion	Global Economy	standard	econ	4	Stress spreading across markets through shared investors and flows
financial-freedom-number	Financial Freedom Number	Retirement	pillar	fl	5	Roughly 25 times annual expenses invested
financing-cash-flow	Cash flow from financing activities	Cash Flow	standard	fund	3	Cash from debt, share issuance, buybacks and dividends
fiscal-policy	Fiscal policy	Economics Basics	pillar	econ	1	Government use of spending and taxes to steer the economy
fiscal-year	Fiscal year	Accounting Concepts	standard	fund	1	A company's twelve-month reporting year, not necessarily calendar
fixed-expenses	Fixed Expenses	Budgeting	standard	fl	1	Bills that cost the same every month
fixed-fractional-position-sizing	Fixed Fractional Position Sizing	Position Sizing	standard	psych	3	Risking a constant percentage of equity on every trade
flag-pattern	Flag Pattern	Chart Patterns	pillar	ta	3	Brief parallel-channel pause after a sharp flagpole move
flagpole	Flagpole	Chart Patterns	standard	ta	3	The straight-line run preceding a flag or pennant
flat-correction	Flat Correction	Market Structure	standard	ta	5	Sideways three-wave corrective structure in Elliott Wave
float-adjusted-weighting	Float-Adjusted Weighting	Investing	standard	fl	3	Index weighting counting only publicly tradable shares
fomc	Federal Open Market Committee (FOMC)	Central Banking	pillar	econ	1,3	The twelve-member body that sets U.S. interest rates
fomc-minutes	FOMC minutes	Central Banking	standard	econ	3	Detailed record of a Fed meeting, released three weeks later
fomo	FOMO (Fear of Missing Out)	Emotion & Discipline	pillar	psych	2	Urge to chase a move because others are profiting
form-10-k	Form 10-K	Filings & Disclosure	pillar	fund	1	Annual report with audited statements, risks and management discussion
form-10-q	Form 10-Q	Filings & Disclosure	standard	fund	1	Quarterly report with reviewed, not audited, financials
form-1099-k	Form 1099-K	Taxes	pillar	fl	2	Form marketplaces and payment apps send reporting your sales
form-8-k	Form 8-K	Filings & Disclosure	standard	fund	1	Filing disclosing material events between scheduled reports
form-8606	Form 8606	Taxes	standard	fl	3	IRS form recording non-deductible IRA contributions and conversions
forward-guidance	Forward guidance	Central Banking	standard	econ	1,3	Central bank telling markets what it expects to do next
forward-pe-ratio	Forward P/E ratio	Valuation	standard	fund	4	Price divided by estimated next-year earnings per share
fqhc-community-health-center	Community Health Center (FQHC)	Insurance	pillar	fl	1	Federally funded clinic charging by income, insurance not required
fractal-market-structure	Fractal Market Structure	Market Structure	standard	ta	5	Same pattern shapes repeating at every chart scale
fractional-shares	Fractional Shares	Investing	pillar	fl	3	Buying part of a share when a whole one costs too much
free-cash-flow-conversion	Free cash flow conversion	Ratios	standard	fund	3,4	Free cash flow divided by net income
free-cash-flow-margin	Free cash flow margin	Ratios	standard	fund	3,4	Free cash flow as a percentage of revenue
ftc-eyeglass-rule	FTC Eyeglass Rule	Legal & Consumer Rights	standard	fl	1	Rule requiring free release of your eyeglass prescription
fundamental-analysis	Fundamental analysis	Valuation	pillar	fund	1	Valuing a business by its financials, not its price chart
fx-reserves	FX reserves	Global Economy	standard	econ	4	Foreign currency a central bank holds to defend its own
gaap	GAAP	Accounting Concepts	standard	fund	2	U.S. generally accepted accounting principles
gamblers-fallacy	Gambler's Fallacy	Cognitive Biases	standard	psych	1	Believing independent outcomes are due to even out
gap-fill	Filling the Gap	Chart Patterns	pillar	ta	3	Price trading back through a prior gap's range
gap-insurance	GAP Insurance	Insurance	pillar	fl	3	Covers the gap between a totaled car's value and loan balance
gdp-components	GDP components (C + I + G + net exports)	Economics Basics	standard	econ	1	The four buckets GDP is built from
ged	GED	Income & Work	pillar	fl	2	High school equivalency credential earned one subject at a time
golden-cross	Golden Cross	Indicators	pillar	ta	2	50-day average crossing above the 200-day; bullish signal
golden-ratio	Golden Ratio (0.618)	Trend & Momentum	pillar	ta	5	Most-watched Fibonacci ratio used for retracement zones
goodwill	Goodwill	Balance Sheet	pillar	fund	3,5	Premium paid above fair value of an acquired company's assets
goodwill-impairment	Goodwill impairment	Accounting Concepts	standard	fund	3,5	Non-cash charge admitting an acquisition was overpaid for
gross-domestic-product	Gross Domestic Product (GDP)	Economics Basics	pillar	econ	1,4	Market value of all final goods and services a country produces
gross-margin	Gross margin	Ratios	pillar	fund	2,5	Gross profit as a percentage of revenue
gross-profit	Gross profit	Income Statement	pillar	fund	2	Revenue minus cost of revenue
hammer-candlestick	Hammer Candlestick	Candlesticks	pillar	ta	3	Long lower shadow at a low; bullish rejection
hanging-man	Hanging Man	Candlesticks	standard	ta	3	Hammer shape at an uptrend top; bearish warning
hard-inquiry	Hard Inquiry	Credit & Debt	pillar	fl	1,3	Credit check from an application that briefly dips your score
hardship-license	Hardship License	Legal & Consumer Rights	standard	fl	3	Restricted license allowing driving to work during suspension
hardship-withdrawal	Hardship Withdrawal	Retirement	pillar	fl	4	Early plan withdrawal allowed for specific urgent needs
hawkish	Hawkish	Central Banking	standard	econ	3	Leaning toward fighting inflation with higher rates
head-and-shoulders-pattern	Head and Shoulders Pattern	Chart Patterns	pillar	ta	3	Three-peak topping pattern confirmed by a neckline break
head-start	Head Start	Benefits & Disability	pillar	fl	1	Free early childhood education for low-income families
headline-inflation	Headline inflation	Inflation	standard	econ	2	The all-items inflation rate households actually experience
herding	Herding	Behavioral Finance	standard	psych	2	Trading an idea because many others already are
high-deductible-health-plan	High Deductible Health Plan (HDHP)	Insurance	pillar	fl	3	Qualifying plan that makes you eligible for an HSA
high-yield-bonds	High yield (junk) bonds	Bonds	standard	econ	3,5	Corporate debt rated below investment grade
high-yield-savings-account	High-Yield Savings Account (HYSA)	Banking	pillar	fl	1,2,3	Savings account paying meaningfully more interest than a regular one
higher-highs-higher-lows	Higher Highs and Higher Lows	Market Structure	standard	ta	2	The structural definition of an intact uptrend
hindsight-bias	Hindsight Bias	Cognitive Biases	pillar	psych	2	Believing after the fact that an outcome was predictable
home-equity	Home Equity	Housing	pillar	fl	5	Your home's value minus what you still owe
home-sale-capital-gains-exclusion	Capital Gains Exclusion on a Home Sale	Taxes	pillar	fl	5	Tax break on profit from selling your primary residence
horizontal-count	Horizontal Count	Chart Basics	standard	ta	5	P&F target from the width of a base
household-survey	Household survey	Labor Market	standard	econ	1	Survey of people producing the unemployment and participation rates
housing-affordability	Housing affordability	Economic Indicators	standard	econ	4	Monthly payment as a share of household income
housing-choice-voucher-section-8	Housing Choice Voucher (Section 8)	Housing	pillar	fl	1	Federal rental subsidy used with private landlords
housing-starts	Housing starts	Economic Indicators	standard	econ	4	New residential construction where ground has been broken
hsa	Health Savings Account (HSA)	Retirement	pillar	fl	3,4	The only triple-tax-free account in the tax code
illusion-of-control	Illusion of Control	Cognitive Biases	standard	psych	2	Feeling you influence outcomes that are largely chance
impairment	Impairment	Accounting Concepts	standard	fund	3,5	Writing an asset down when it's worth less than carried
impulse-wave	Impulse Wave (Five-Wave)	Market Structure	standard	ta	5	Five-wave move in the larger trend's direction
income-driven-repayment	Income-Driven Repayment	Credit & Debt	pillar	fl	2	Federal student loan payment capped at a share of income
income-in-respect-of-a-decedent	Income in Respect of a Decedent (IRD)	Taxes	pillar	fl	5	Inherited income the step-up in basis deliberately does not cover
income-statement	Income statement	Income Statement	pillar	fund	1,2	Statement of revenue, costs and profit over a period
industrial-production	Industrial production	Economic Indicators	standard	econ	1,4	Output of factories, mines and utilities
inflation-expectations	Inflation expectations	Inflation	standard	econ	2	What people believe future inflation will be
initial-jobless-claims	Initial jobless claims	Labor Market	standard	econ	1,4	Weekly count of new unemployment filings, an early warning
intangible-assets	Intangible assets	Balance Sheet	standard	fund	3	Non-physical assets like patents, trade names, customer lists
interchange-fee	Interchange Fee	Credit & Debt	standard	fl	3	Percentage merchants pay card networks on every transaction
interest-coverage-ratio	Interest coverage ratio	Ratios	standard	fund	2,3	Operating income divided by interest expense
interest-expense	Interest expense	Income Statement	standard	fund	2	The cost of carrying the company's debt
interest-rate-differential	Interest rate differential	Global Economy	standard	econ	3	Rate gap between two countries that drives currency flows
interest-rate-risk	Interest rate risk	Bonds	standard	econ	3	Risk that rising yields cut a bond's market price
intraday-chart	Intraday Chart	Chart Basics	standard	ta	1	Minute or hourly bars inside a single session
intrinsic-value	Intrinsic value	Valuation	pillar	fund	1,3,4	What a business is actually worth, apart from its price
inventory	Inventory	Balance Sheet	standard	fund	1,3	Goods on hand not yet sold
inventory-write-down	Inventory write-down	Accounting Concepts	standard	fund	3	Charge taken when stock won't sell at carried value
inverse-head-and-shoulders	Inverse Head and Shoulders	Chart Patterns	pillar	ta	3	Three-trough bottoming pattern signalling a bullish reversal
invested-capital	Invested capital	Ratios	standard	fund	5	Debt plus equity minus cash; capital employed in the business
investing-cash-flow	Cash flow from investing activities	Cash Flow	standard	fund	3	Cash spent on or raised from assets and acquisitions
investment-grade	Investment grade	Bonds	standard	econ	3	Higher-rated corporate debt, AAA down to BBB-minus
investment-thesis	Investment thesis	Business Quality	standard	fund	5	Written statement of your view and what disproves it
irmaa	IRMAA	Retirement	standard	fl	5	Medicare premium surcharge based on income two years back
ism-new-orders	ISM new orders	Economic Indicators	standard	econ	4,5	Forward-looking PMI sub-index tracking incoming business
labor-force-participation-rate	Labor force participation rate	Labor Market	standard	econ	1	Share of working-age people employed or looking for work
lagging-indicator	Lagging indicator	Economic Indicators	standard	econ	1,4	Data that confirms a turn only after it happened
leading-indicator	Leading indicator	Economic Indicators	pillar	econ	1,4	Data that turns before the economy does
lifeline-fcc	Lifeline (FCC)	Benefits & Disability	pillar	fl	1	Federal discount on phone or internet for low-income households
lifestyle-inflation	Lifestyle Inflation	Budgeting	pillar	fl	5	Spending rising automatically alongside every raise
liheap	LIHEAP	Benefits & Disability	pillar	fl	1	Federal help paying heating and cooling bills
limited-liability	Limited Liability	Legal & Consumer Rights	pillar	fl	4	Rule that you can lose only what you invested
line-chart	Line Chart	Chart Basics	standard	ta	1	Connects closing prices only, stripping intraday noise
liquidity	Liquidity	Investing	pillar	fl	4,5	How fast an asset converts to cash without losing value
llc	LLC (Limited Liability Company)	Legal & Consumer Rights	pillar	fl	5	State filing separating business liabilities from personal assets
long-term-capital-gains	Long-Term Capital Gains	Taxes	pillar	fl	3,5	Lower rates on investments held over a year
long-term-debt	Long-term debt	Balance Sheet	standard	fund	3	Borrowings due more than twelve months out
losing-streak	Losing Streak	Performance Measurement	standard	psych	1,3	Run of consecutive losses that a healthy method produces
loss-tilt	Loss Tilt	Emotion & Discipline	standard	psych	4	Urgency and size creep triggered by a recent loss
macd-histogram	MACD Histogram	Indicators	standard	ta	4	Bars showing distance between MACD and signal lines
macd-signal-line	MACD Signal Line	Indicators	standard	ta	4	Nine-period EMA of the MACD line itself
managements-discussion-and-analysis	Management's discussion and analysis (MD&A)	Filings & Disclosure	standard	fund	1,2	Management's own narrative explanation of the period's results
margin-call	Margin Call	Risk Management	standard	psych	3	Broker demand that can force-close a leveraged position
margin-of-safety	Margin of safety	Valuation	standard	fund	1,5	Buying below your value estimate to absorb being wrong
marginal-tax-bracket	Marginal Tax Bracket	Taxes	pillar	fl	3,5	Rate applied only to dollars inside that band
material-weakness-internal-control	Material weakness in internal control	Filings & Disclosure	standard	fund	5	Disclosed defect in a company's financial reporting process
max-drawdown	Max Drawdown	Performance Measurement	pillar	psych	3,5	Largest peak-to-trough decline in account equity
measure-rule	Measure Rule (Price Target)	Chart Patterns	standard	ta	3	Projecting pattern height from the breakout for a target
median-cpi	Median CPI	Inflation	standard	econ	2	Inflation read taken from the middle spending category
medicaid	Medicaid	Insurance	pillar	fl	1	State-run health coverage with no enrollment deadline
medical-credit-card	Medical Credit Card	Credit & Debt	standard	fl	1	Store card for medical or dental bills, usually deferred-interest
mega-backdoor-roth	Mega Backdoor Roth	Retirement	standard	fl	3	After-tax 401(k) contributions moved into Roth
meme-stock	Meme Stock	Investing	pillar	fl	4	Stock spiking on social hype rather than business results
mental-stop	Mental Stop	Risk Management	standard	psych	3	Unplaced stop level held only in your head
michigan-consumer-sentiment	University of Michigan consumer sentiment	Economic Indicators	standard	econ	2,4	Household survey carrying closely watched inflation expectations
minority-interest	Minority interest	Balance Sheet	standard	fund	4	Portion of a consolidated subsidiary the parent doesn't own
momentum	Momentum	Trend & Momentum	pillar	ta	2,3,4	The rate at which price is changing
monetary-policy	Monetary policy	Central Banking	pillar	econ	1,3	How a central bank sets rates to influence the economy
money-supply	Money supply	Central Banking	standard	econ	2	Total money in the economy; the monetary view of inflation
morning-star	Morning Star	Candlesticks	pillar	ta	3	Three-candle bullish reversal pattern at a bottom
mortgage-lock-in-effect	Mortgage lock-in effect	Economic Indicators	standard	econ	4	Owners with cheap old mortgages refusing to move
mortgage-purchase-applications	Mortgage purchase applications	Economic Indicators	standard	econ	4	Weekly home-buying loan applications, excluding refinancing noise
motive-wave	Motive Wave	Market Structure	standard	ta	5	Wave travelling with the larger trend direction
moving-average-crossover	Moving Average Crossover	Indicators	pillar	ta	2	Signal when a short average crosses a longer one
multi-level-marketing	Multi-Level Marketing (MLM)	Income & Work	pillar	fl	2	Recruitment-based selling model that costs most participants money
multiple-timeframe-analysis	Multiple Timeframe Analysis	Chart Basics	standard	ta	2	Checking monthly, weekly and daily charts for alignment
national-debt	National debt	Economics Basics	pillar	econ	1	Accumulated total of all past deficits minus surpluses
nber-recession-dating	NBER recession dating	Economics Basics	standard	econ	1,5	The private committee that officially dates U.S. recessions
neckline	Neckline	Chart Patterns	standard	ta	3	Line connecting a pattern's troughs; break confirms it
nemt	NEMT (Non-Emergency Medical Transport)	Benefits & Disability	standard	fl	1	Medicaid-covered rides to covered medical appointments
net-debt	Net debt	Balance Sheet	standard	fund	3,4	Total debt minus cash and equivalents
net-debt-to-ebitda	Net debt to EBITDA	Ratios	standard	fund	3	Net debt expressed as years of earnings to repay
net-exports	Net exports	Global Economy	standard	econ	1,4	Exports minus imports, the trade piece of GDP
net-income	Net income	Income Statement	pillar	fund	1,2	Profit left after every cost; the bottom line
net-interest-margin	Net interest margin	Sectors & Cycles	standard	econ	5	Spread between what a bank earns and pays on money
net-investment-income-tax	Net Investment Income Tax	Taxes	standard	fl	5	The 3.8% surtax on investment income above a threshold never indexed
net-profit-margin	Net profit margin	Ratios	pillar	fund	2	Net income as a percentage of revenue
net-take-home-pay	Net Take-Home Pay	Budgeting	pillar	fl	1	What actually lands in your account after all withholdings
network-effect	Network effect	Business Quality	pillar	fund	5	Product becomes more valuable as more people use it
no-trade-day	No-Trade Day	Performance Measurement	standard	psych	4,5	Day with no valid setup and no trade taken
nominal-gdp	Nominal GDP	Economics Basics	standard	econ	1	GDP measured in current dollars, before adjusting for inflation
nominal-rate	Nominal rate	Interest Rates	standard	econ	2	The quoted interest rate, before adjusting for inflation
non-gaap-measures	Non-GAAP measures	Accounting Concepts	standard	fund	2	Company-defined metrics excluding certain GAAP items
nonfarm-payrolls	Nonfarm payrolls	Labor Market	pillar	econ	1,4	Monthly count of jobs added from the business survey
nopat	NOPAT	Ratios	standard	fund	5	Operating profit after tax, before financing costs
normalized-earnings	Normalized earnings	Valuation	standard	fund	2,4	Average earnings across a full cycle, smoothing peaks and troughs
off-balance-sheet-obligations	Off-balance-sheet obligations	Balance Sheet	standard	fund	3	Future cash claims disclosed only in the footnotes
ohlc	OHLC (Open, High, Low, Close)	Chart Basics	standard	ta	1	The four prices every chart bar is built from
on-balance-volume-obv	On-Balance Volume (OBV)	Volume	pillar	ta	2,4	Running volume total added on up days, subtracted on down
open-market-operations	Open market operations	Central Banking	standard	econ	1,3	Central bank buying and selling securities to steer rates
operating-cash-flow	Cash flow from operating activities	Cash Flow	pillar	fund	1,3	Cash generated by running the core business
operating-expenses	Operating expenses	Income Statement	standard	fund	2	Costs of running the company rather than making the product
operating-income-ebit	Operating income (EBIT)	Income Statement	pillar	fund	2,4	Profit from operations before interest and taxes
operating-lease-liability	Operating lease liability	Balance Sheet	standard	fund	3	Contracted lease payments now shown on the balance sheet
operating-leverage	Operating leverage	Business Quality	standard	fund	2	Fixed costs amplifying profit swings from revenue changes
operating-margin	Operating margin	Ratios	pillar	fund	2	Operating income as a percentage of revenue
opportunity-cost	Opportunity Cost	Investing	pillar	fl	4	What you give up by choosing one option over another
option-adjusted-spread	Option-adjusted spread	Bonds	standard	econ	3	Standard measure of credit spread used for bond indices
ordinary-income	Ordinary Income	Taxes	pillar	fl	3	Income taxed at your regular bracket, like wages and interest
organic-growth	Organic growth	Business Quality	standard	fund	2,5	Growth from the existing business, not acquisitions
original-sin-foreign-currency-debt	Original sin (foreign-currency debt)	Global Economy	standard	econ	4	Borrowing in a currency your country cannot print
oscillator	Oscillator	Indicators	standard	ta	4	Indicator bounded in a range measuring momentum extremes
overbought	Overbought	Indicators	pillar	ta	4	Oscillator reading suggesting price has risen unusually fast
overconfidence-bias	Overconfidence Bias	Cognitive Biases	pillar	psych	2,4	Overestimating your own skill, accuracy and control
oversold	Oversold	Indicators	pillar	ta	4	Oscillator reading suggesting price has fallen unusually fast
overtrading	Overtrading	Emotion & Discipline	standard	psych	4	Taking more trades than your criteria actually produce
owners-equivalent-rent	Owners' equivalent rent	Inflation	standard	econ	2	Estimated rent an owned home would fetch, inside CPI
paper-trading	Paper Trading	Process & Systems	standard	psych	5	Simulated trading that teaches mechanics but not psychology
pattern-day-trading-rule	Pattern Day Trading Rule	Risk Management	standard	psych	3	US rule setting minimum equity for frequent day traders
pause-protocol	Pause Protocol	Process & Systems	standard	psych	4	Fixed five-step sequence run before an impulsive click
pay-for-delete	Pay-for-Delete	Credit & Debt	standard	fl	3	Paying a collector in exchange for removing the tradeline
payday-loan	Payday Loan	Credit & Debt	pillar	fl	1	Short-term loan at triple-digit annual rates
payment-history	Payment History	Credit & Debt	pillar	fl	1	Largest credit score factor: whether you paid on time
pce-price-index	PCE price index	Inflation	pillar	econ	1,2	BEA inflation measure the Federal Reserve actually targets
peg-ratio	PEG ratio	Valuation	standard	fund	4	P/E divided by expected earnings growth rate
pell-grant	Pell Grant	Income & Work	pillar	fl	2	Federal college grant that never has to be repaid
pennant-pattern	Pennant Pattern	Chart Patterns	standard	ta	3	Small converging triangle pausing after a sharp move
percent-k-percent-d	%K and %D Lines	Indicators	standard	ta	4	Stochastic's fast line and its smoothed average
permanent-supportive-housing	Permanent Supportive Housing	Housing	standard	fl	1	Long-term subsidized housing paired with services
perpetuity-growth-rate	Perpetuity growth rate	Valuation	standard	fund	4	Assumed forever growth rate used in terminal value
personal-guarantee	Personal Guarantee	Legal & Consumer Rights	pillar	fl	5	Promise making you liable when your business can't pay
personal-saving-rate	Personal saving rate	Economic Indicators	standard	econ	4	Share of disposable income households do not spend
planned-r-vs-realised-r	Planned R vs Realised R	Performance Measurement	standard	psych	5	Gap between the R a setup offers and captured
point-and-figure-charting	Point and Figure Charting	Chart Basics	pillar	ta	5	X and O chart plotting price moves, ignoring time
policy-lag	Policy lag	Central Banking	standard	econ	1	Delay between a rate change and its economic effect
portfolio-rebalancing-channel	Portfolio rebalancing channel	Central Banking	standard	econ	3	How QE pushes investors into riskier assets
pre-market-routine	Pre-Market Routine	Process & Systems	standard	psych	4	Fixed checklist run before any exposure exists
pre-mortem	Pre-Mortem	Process & Systems	standard	psych	2	Writing why a trade will fail before entering
precedent-transaction-analysis	Precedent transaction analysis	Valuation	standard	fund	4	Valuing using multiples paid in past acquisitions
predatory-lending	Predatory Lending	Credit & Debt	pillar	fl	1,2	Loans priced to exploit borrowers with no other options
preferred-stock	Preferred stock	Balance Sheet	standard	fund	4	Equity ranking ahead of common shares for payouts
prepaid-debit-card	Prepaid Debit Card	Banking	standard	fl	1	Loadable card that looks like banking but builds no credit
prescreened-offer-opt-out	Prescreened Credit Offer Opt-Out	Legal & Consumer Rights	standard	fl	3	Free removal from lists that sell your credit-marketing data
price-chart	Price Chart	Chart Basics	pillar	ta	1	Visual record of a security's price over time
price-discovery	Price discovery	Economics Basics	standard	econ	1	How buyers and sellers arrive at a market price
price-elasticity-of-demand	Price elasticity of demand	Economics Basics	standard	econ	1,5	How much buying falls when a price rises
price-gap	Price Gap	Chart Basics	pillar	ta	3	Blank space where price jumped without trading
price-to-book-ratio	Price-to-book ratio (P/B)	Valuation	pillar	fund	4	Market cap divided by shareholders' equity
price-to-sales-ratio	Price-to-sales ratio (P/S)	Valuation	pillar	fund	4	Market cap divided by annual revenue
prices-paid-index	Prices paid index	Economic Indicators	standard	econ	4	PMI sub-index giving an early read on input costs
pricing-power	Pricing power	Business Quality	standard	fund	2,5	Ability to raise prices without losing customers
primary-trend	Primary Trend	Market Structure	standard	ta	2	The dominant multi-year bull or bear direction
private-student-loan	Private Student Loan	Credit & Debt	pillar	fl	2	Non-federal education loan with no forgiveness or income-driven plans
pro-rata-rule	Pro-Rata Rule	Retirement	standard	fl	3	IRS rule taxing conversions across all your IRAs proportionally
process-vs-outcome	Process vs Outcome	Process & Systems	standard	psych	1	Grading decisions rather than results you don't control
profit-factor	Profit Factor	Performance Measurement	standard	psych	5	Gross profit divided by gross loss
profitable-violation	Profitable Violation	Process & Systems	standard	psych	1,5	Broken rule that made money and trains bad habits
property-plant-and-equipment	Property, plant and equipment (PP&E)	Balance Sheet	standard	fund	3	Physical long-lived assets, net of accumulated depreciation
prospect-theory	Prospect Theory	Behavioral Finance	pillar	psych	1,2	Kahneman-Tversky model of how people choose under uncertainty
proxy-statement-def-14a	Proxy statement (DEF 14A)	Filings & Disclosure	standard	fund	1,5	Annual filing on executive pay, board and shareholder votes
pslf	Public Service Loan Forgiveness (PSLF)	Credit & Debt	pillar	fl	2	Student loan forgiveness for government and nonprofit workers
psychological-ruin	Psychological Ruin	Emotion & Discipline	standard	psych	3	Account survives but you can no longer execute
public-housing-authority	Public Housing Authority	Housing	standard	fl	1	Local agency running voucher and public housing waitlists
pullback	Pullback	Trend & Momentum	pillar	ta	2	Temporary counter-move that leaves the trend intact
purchasing-managers-index	Purchasing Managers' Index (PMI)	Economic Indicators	pillar	econ	1,4	Survey index of business conditions, above 50 means expansion
purchasing-power	Purchasing power	Inflation	pillar	econ	2	How much your money actually buys
qualified-charitable-distribution	Qualified Charitable Distribution (QCD)	Taxes	standard	fl	5	Direct IRA gift to charity excluded from taxable income
qualified-dividends	Qualified Dividends	Taxes	pillar	fl	3	Dividends taxed at lower capital gains rates
quantitative-easing	Quantitative easing	Central Banking	pillar	econ	1,3	Central bank buying long-dated bonds to push yields down
quantitative-tightening	Quantitative tightening	Central Banking	standard	econ	1,3	Shrinking the central bank balance sheet by not reinvesting
r-multiple	R-Multiple	Performance Measurement	standard	psych	1,5	Trade result measured in units of initial risk
rapid-rehousing	Rapid Rehousing	Housing	standard	fl	1	Short-term rental assistance plus help finding a unit
rate-of-change-roc	Rate of Change (ROC)	Indicators	standard	ta	2	Momentum indicator measuring percentage price change over time
real-body	Real Body	Candlesticks	standard	ta	1	The thick block between a candle's open and close
real-disposable-income	Real disposable income	Economic Indicators	standard	econ	4,5	Inflation-adjusted after-tax income, the true limit on spending
real-gdp	Real GDP	Economics Basics	pillar	econ	1	GDP with price changes stripped out, measuring actual output
real-interest-rate	Real interest rate	Interest Rates	pillar	econ	2,3	Interest rate after subtracting inflation
real-return	Real return	Inflation	standard	econ	2	Investment return after inflation is taken out
real-yield	Real yield	Bonds	standard	econ	3,5	Bond yield stripped of expected inflation, from TIPS pricing
recency-bias	Recency Bias	Cognitive Biases	standard	psych	2	Weighting the latest events far too heavily
recovery-asymmetry	Recovery Asymmetry	Risk Management	standard	psych	2,3	Deeper losses need disproportionately larger gains to break even
recurring-revenue	Recurring revenue	Business Quality	standard	fund	2	Contracted or subscription revenue that repeats each period
registered-apprenticeship	Registered Apprenticeship	Income & Work	pillar	fl	2	Paid on-the-job training ending in a recognized credential
related-party-transaction	Related-party transaction	Filings & Disclosure	standard	fund	5	Business dealing between a company and its own insiders
relative-strength	Relative Strength	Trend & Momentum	pillar	ta	5	Comparing one market or sector's performance against another
rent-to-own	Rent-to-Own	Credit & Debt	standard	fl	1	Weekly-payment furniture or electronics costing multiples of retail
research-and-development-expense	Research and development expense (R&D)	Income Statement	standard	fund	2	Spending on future products, expensed as incurred
reserve-currency	Reserve currency	Global Economy	standard	econ	4	Currency held globally, changing the rules for its issuer
resistance-level	Resistance Level	Market Structure	pillar	ta	1	Price zone where supply has repeatedly halted advances
restatement	Restatement	Accounting Concepts	standard	fund	1	Reissuing prior financials after a material error is found
resting-order	Resting Order	Process & Systems	standard	psych	2,3	Order left with the broker so exit needs no decision
restructuring-charge	Restructuring charge	Income Statement	standard	fund	2	Cost of reorganizing, often labelled one-time but recurring
retail-sales	Retail sales	Economic Indicators	pillar	econ	1,4	Monthly nominal receipts at retail and food-service businesses
retail-sales-control-group	Retail sales control group	Economic Indicators	standard	econ	4	Retail sales minus volatile categories, feeding the GDP estimate
retained-earnings	Retained earnings	Balance Sheet	standard	fund	1,3	Cumulative profits kept in the business rather than distributed
return-line	Return Line	Trend & Momentum	standard	ta	2	Upper parallel line marking a channel's rally tops
return-on-equity	Return on equity (ROE)	Ratios	pillar	fund	4,5	Net income divided by shareholders' equity
return-on-invested-capital	Return on invested capital (ROIC)	Ratios	pillar	fund	4,5	NOPAT divided by invested capital; business quality scoreboard
revenge-trading	Revenge Trading	Emotion & Discipline	pillar	psych	3,4	Trading to win back a loss rather than on setup
revenue	Revenue	Income Statement	pillar	fund	1,2	Money earned from sales before any costs; the top line
revenue-recognition	Revenue recognition	Accounting Concepts	standard	fund	1,2	Rules deciding when a sale counts as revenue
reversal-pattern	Reversal Pattern	Chart Patterns	standard	ta	3	Shape marking the end of the prevailing trend
review-cycle	Review Cycle	Process & Systems	standard	psych	5	Daily, weekly and monthly clocks with different questions
rising-wedge	Rising Wedge	Chart Patterns	pillar	ta	3	Both lines rising, lows faster; usually breaks down
risk-capacity	Risk Capacity	Risk Management	standard	psych	3	How much you can lose without damaging your life
risk-free-rate	Risk-free rate	Valuation	standard	fund	4	Yield on a long-dated government bond, used as baseline
risk-management	Risk Management	Risk Management	pillar	psych	1,3	Controlling how much you can lose per trade and overall
risk-of-ruin	Risk of Ruin	Risk Management	standard	psych	3	Chance losses wipe you out before your edge pays
risk-off	Risk-off	Global Economy	standard	econ	3,4	Episodes where investors flee risk assets for safety
risk-per-trade	Risk Per Trade	Position Sizing	standard	psych	3	Fixed percentage of equity risked on a single trade
risk-tolerance	Risk Tolerance	Risk Management	standard	psych	3	How much loss you can take before decisions degrade
roth-conversion	Roth Conversion	Retirement	pillar	fl	3,5	Moving pre-tax retirement money to Roth and paying tax now
roth-conversion-ladder	Roth Conversion Ladder	Retirement	standard	fl	5	Annual conversions creating penalty-free income before 59.5
roth-five-year-rule	Five-Year Rule (Roth)	Retirement	pillar	fl	3,5	Waiting period before converted amounts or earnings come out clean
rounding-bottom	Rounding Bottom (Saucer)	Chart Patterns	standard	ta	3	Slow U-shaped base marking a gradual bullish turn
rounding-top	Rounding Top	Chart Patterns	standard	ta	3	Slow inverted-bowl top marking gradual bearish shift
rule-of-55	Rule of 55	Retirement	standard	fl	5	The workplace-plan early withdrawal exception an IRA rollover destroys
rule-of-72	Rule of 72	Investing	pillar	fl	3	Divide 72 by your return to estimate doubling time
rule-violation-log	Rule Violation Log	Process & Systems	standard	psych	5	Record counting each broken rule, trigger and cost
runaway-gap	Runaway (Measuring) Gap	Chart Patterns	standard	ta	3	Mid-move gap used to project the move's remainder
safe-haven-currency	Safe-haven currency	Global Economy	standard	econ	3,4	Currency investors buy when global risk appetite collapses
schedule-c	Schedule C	Taxes	pillar	fl	2	Tax form reporting sole-proprietor business profit or loss
second-chance-checking-account	Second-Chance Checking Account	Banking	standard	fl	1	Checking account for people denied over banking history
secondary-trend	Secondary Trend	Market Structure	standard	ta	2	Significant correction running against the primary trend
sector-rotation	Sector rotation	Sectors & Cycles	pillar	econ	5	Shifting between sectors as the economic cycle changes phase
self-attribution-bias	Self-Attribution Bias	Cognitive Biases	standard	psych	2	Crediting wins to skill and losses to conditions
self-employment-tax	Self-Employment Tax	Taxes	pillar	fl	1,5	Both halves of Social Security and Medicare on business income
selling-climax	Selling Climax	Volume	standard	ta	2	High-volume panic washout that often marks a bottom
sep-ira	SEP-IRA	Retirement	pillar	fl	5	Self-employed retirement account with a high contribution ceiling
sequence-of-returns-risk	Sequence of Returns Risk	Retirement	standard	fl	5	Danger of bad markets early in retirement withdrawals
sg-and-a	Selling, general and administrative (SG&A)	Income Statement	standard	fund	2	Selling, marketing and corporate overhead costs
shadow-rate	Shadow rate	Central Banking	standard	econ	3	Estimated policy stance including balance sheet effects
share-buyback	Share buyback	Balance Sheet	pillar	fund	2,3,5	Company repurchasing its own shares, reducing the count
share-dilution	Share dilution	Balance Sheet	standard	fund	2	New shares shrinking each existing share's claim
shareholders-equity	Shareholders' equity	Balance Sheet	pillar	fund	1,3	Total assets minus total liabilities; the owners' residual claim
shares-outstanding	Shares outstanding	Balance Sheet	standard	fund	1,2	Total shares currently held by all investors
short-term-capital-gains	Short-Term Capital Gains	Taxes	pillar	fl	5	Profit on assets held under a year, taxed as income
simple-interest	Simple Interest	Investing	pillar	fl	3	Interest paid only on the original amount
simple-moving-average-sma	Simple Moving Average (SMA)	Indicators	pillar	ta	2,4	Equal-weighted average of the last N closing prices
sipc-insurance	SIPC Insurance	Investing	pillar	fl	3	Protection if your brokerage firm itself fails
size-creep	Size Creep	Position Sizing	standard	psych	2,4	Position size drifting upward without any rule change
size-ladder	Size Ladder	Position Sizing	standard	psych	3	Pre-set size levels triggered by drawdown or violations
sizing-down	Sizing Down	Position Sizing	standard	psych	3	Cutting position size as a universal circuit breaker
sliding-fee-scale	Sliding Fee Scale	Insurance	standard	fl	1	Charges set by your income rather than a fixed price
slippage	Slippage	Risk Management	standard	psych	3,5	Difference between expected fill price and actual fill
snap	SNAP (Supplemental Nutrition Assistance Program)	Benefits & Disability	pillar	fl	1	Federal food benefits, applied for through your state
social-proof	Social Proof	Behavioral Finance	standard	psych	2	Inferring correctness from what other people do
sole-proprietor	Sole Proprietor	Income & Work	pillar	fl	5	Default business structure requiring no filing at all
solo-401k	Solo 401(k)	Retirement	pillar	fl	5	One-person 401(k) letting you contribute twice over
sp-500	S&P 500	Investing	pillar	fl	3,4	Committee-selected index of 500 large U.S. companies
special-enrollment-period	Special Enrollment Period	Insurance	pillar	fl	1	Window to buy Marketplace coverage after a qualifying life event
special-needs-trust	Special Needs Trust	Benefits & Disability	standard	fl	1	Trust holding assets without disqualifying someone from Medicaid
spot-delivery-yo-yo-financing	Spot Delivery (Yo-Yo Financing)	Legal & Consumer Rights	standard	fl	3	Dealer tactic recalling you to re-sign at worse loan terms
sr-22	SR-22	Insurance	pillar	fl	3	Filing proving you carry insurance after certain violations
ssdi	SSDI (Social Security Disability Insurance)	Benefits & Disability	pillar	fl	1	Disability benefits earned through your work record
stagflation	Stagflation	Inflation	pillar	econ	2	Rising prices alongside a stalling economy
standard-deduction-vs-itemizing	Standard Deduction vs. Itemizing	Taxes	pillar	fl	5	Choosing the flat deduction or listing actual deductions
state-income-tax	State Income Tax	Taxes	pillar	fl	5	State-level wage tax; nine states charge none
statement-balance	Statement Balance	Credit & Debt	pillar	fl	3	Full amount billed for a cycle; pay this to avoid interest
statute-of-limitations-on-debt	Statute of Limitations on Debt	Legal & Consumer Rights	pillar	fl	2	State time limit after which a debt can't be sued on
steelmanning	Steelmanning	Process & Systems	standard	psych	2	Writing the strongest possible case against your own position
sticky-price-cpi	Sticky-price CPI	Inflation	standard	econ	2	Inflation from categories whose prices rarely change
stochastic-oscillator	Stochastic Oscillator	Indicators	pillar	ta	4	Indicator placing the close within its recent range
stock-based-compensation	Stock-based compensation (SBC)	Income Statement	standard	fund	2,3	Paying employees in shares; non-cash but real dilution
stop-distance	Stop Distance	Position Sizing	standard	psych	3	Price gap between entry and stop, used to size
subprime-auto-loan	Subprime Auto Loan	Credit & Debt	pillar	fl	3	Car loan priced for damaged or thin credit files
substantially-identical	Substantially Identical	Taxes	standard	fl	4	The undefined phrase the whole wash sale rule turns on
substitution-bias	Substitution bias	Inflation	standard	econ	2	Fixed baskets overstate inflation when shoppers switch to cheaper goods
sudden-stop	Sudden stop	Global Economy	standard	econ	4	Abrupt reversal of foreign capital flowing into an economy
summary-of-economic-projections	Summary of Economic Projections	Central Banking	standard	econ	3	Quarterly FOMC forecasts for growth, unemployment, inflation and rates
sunk-cost-fallacy	Sunk Cost Fallacy	Cognitive Biases	pillar	psych	3	Continuing because of money already spent, not expected return
supercore-inflation	Supercore inflation	Inflation	standard	econ	2	Core services excluding shelter, where wage pressure shows up
supply-and-demand	Supply and demand	Economics Basics	pillar	econ	1	Price is where quantity wanted equals quantity offered
support-becomes-resistance	Role Reversal (Broken Support Becomes Resistance)	Market Structure	standard	ta	1	Broken level flips to act as the opposite
support-level	Support Level	Market Structure	pillar	ta	1	Price zone where demand has repeatedly halted declines
survivorship-bias	Survivorship Bias	Behavioral Finance	standard	psych	2	Seeing only the winners because losers go unposted
swing-high-swing-low	Swing High and Swing Low	Market Structure	standard	ta	2	Pivot points where price clearly changed direction
switching-costs	Switching costs	Business Quality	standard	fund	5	Cost or disruption that keeps customers from leaving
symmetrical-triangle	Symmetrical Triangle	Chart Patterns	standard	ta	3	Converging trendlines showing indecision; follows the existing trend
system-1-and-system-2-thinking	System 1 and System 2 Thinking	Behavioral Finance	standard	psych	1	Fast automatic judgment versus slow deliberate reasoning
tanf	TANF	Benefits & Disability	pillar	fl	1	Temporary cash assistance for families with children
tangible-book-value	Tangible book value	Balance Sheet	standard	fund	3,4	Equity minus goodwill and other intangible assets
target-date-fund	Target-Date Fund	Retirement	pillar	fl	4	Fund that shifts from stocks to bonds as you age
tax-loss-harvesting	Tax-Loss Harvesting	Taxes	pillar	fl	5	Selling losers to offset taxable gains
term-premium	Term premium	Bonds	standard	econ	3	Extra yield demanded for lending over a longer period
terminal-value	Terminal value	Valuation	standard	fund	4	Value of all cash flows beyond the forecast period
three-box-reversal	Three-Box Reversal	Chart Basics	standard	ta	5	Standard P&F rule requiring three boxes to flip columns
tilt	Tilt	Emotion & Discipline	standard	psych	4	Emotional state where decision quality collapses unnoticed
tilt-checklist	Tilt Checklist	Process & Systems	standard	psych	4	Observable tells that mean stop trading today
time-barred-debt	Time-Barred Debt	Legal & Consumer Rights	pillar	fl	2	Debt too old to sue on, and the payment that restarts the clock
tips	Treasury Inflation-Protected Securities (TIPS)	Bonds	standard	econ	2,3	Treasury bonds whose principal adjusts with realized inflation
top-down-analysis	Top-Down Analysis	Market Structure	standard	ta	5	Reading broad market, then sector, then individual stock
total-open-risk	Total Open Risk	Position Sizing	standard	psych	3	Combined risk across all positions currently open
total-return	Total Return	Investing	pillar	fl	4	Price change plus reinvested dividends - the real number
total-shareholder-return	Total shareholder return (TSR)	Valuation	standard	fund	4,5	Price appreciation plus dividends received over a period
total-stock-market-index	Total Stock Market Index	Investing	pillar	fl	3,4	Index holding essentially every investable U.S. stock
trade-balance	Trade balance	Global Economy	standard	econ	4	Exports minus imports of goods and services
trade-weighted-dollar-index	Trade-weighted dollar index	Global Economy	standard	econ	3,4,5	Dollar's value against a basket of trading-partner currencies
trading-capital	Trading Capital	Risk Management	standard	psych	3	Money you could lose entirely without your life changing
trading-journal	Trading Journal	Process & Systems	pillar	psych	1,5	Record of each decision, state and rule followed
trading-plan	Trading Plan	Process & Systems	pillar	psych	1,5	Written rules deciding entries, size, stops and limits in advance
trading-range	Trading Range (Consolidation)	Market Structure	standard	ta	2,3	Sideways price action between a floor and ceiling
traditional-ira	Traditional IRA	Retirement	pillar	fl	3	Pre-tax retirement account taxed when you withdraw
trailing-stop	Trailing Stop	Risk Management	standard	psych	3	Stop moved only in the direction of profit
treasury-stock	Treasury stock	Balance Sheet	standard	fund	3	Repurchased shares held by the company, carried as negative equity
trend	Trend	Trend & Momentum	pillar	ta	2	Sustained directional bias defined by successive highs and lows
trend-channel	Trend Channel	Trend & Momentum	standard	ta	2	Parallel trendlines boxing in a trending price range
trend-reversal	Trend Reversal	Trend & Momentum	pillar	ta	2,3	Structural break ending the prevailing trend
trendline	Trendline	Trend & Momentum	pillar	ta	1,2	Line connecting rising lows or falling highs
trimmed-mean-cpi	Trimmed-mean CPI	Inflation	standard	econ	2	Inflation measure discarding the biggest movers each month
triple-top-triple-bottom	Triple Top and Triple Bottom	Chart Patterns	standard	ta	3,5	Three tests of the same level before reversing
trump-account	Trump Account (530A IRA)	Retirement	pillar	fl	4	New children's investment account with a federal seed deposit
tunnel-vision	Tunnel Vision	Emotion & Discipline	standard	psych	4	Attention narrowing to one position under acute stress
two-percent-rule	2% Rule	Risk & Position Sizing	standard	ta	4,5	Risking no more than 2% of capital per trade
undercapitalization	Undercapitalization	Risk Management	standard	psych	1	Account too small for the method, forcing bad decisions
unemployment-rate	Unemployment rate	Labor Market	pillar	econ	1,4	Share of the labor force without work and actively looking
unrealized-gain-loss	Unrealized Gain or Loss	Investing	pillar	fl	4,5	Paper profit or loss you haven't locked in by selling
uptrend	Uptrend	Trend & Momentum	pillar	ta	2	Sequence of higher highs and higher lows
usda-loan	USDA Loan	Housing	pillar	fl	5	Zero-down mortgage for eligible rural properties
va-loan	VA Loan	Housing	pillar	fl	5	Zero-down mortgage for veterans with no mortgage insurance
value-trap	Value trap	Valuation	standard	fund	1	A cheap-looking stock that is cheap for good reason
variable-expenses	Variable Expenses	Budgeting	standard	fl	1	Necessary costs that change month to month
variance	Variance	Performance Measurement	standard	psych	1	Normal random spread of results around your edge
vertical-count	Vertical Count	Chart Basics	standard	ta	5	P&F target from a breakout column's box height
vesting	Vesting	Retirement	pillar	fl	3,4	When your employer's contributions actually become your money
volume-confirmation	Volume Confirmation	Volume	standard	ta	1,2,3	Using volume to validate a price move's conviction
wage-price-spiral	Wage-price spiral	Inflation	standard	econ	2	Loop where higher prices drive higher wages drive higher prices
watchlist	Watchlist	Chart Basics	standard	ta	1	Saved list of tickers you monitor regularly
weatherization-assistance-program	Weatherization Assistance Program	Benefits & Disability	standard	fl	1	Free home energy repairs that lower every future bill
weighted-average-cost-of-capital	Weighted average cost of capital (WACC)	Valuation	pillar	fund	4,5	Blended after-tax cost of a company's debt and equity
whipsaw	Whipsaw	Risk & Position Sizing	standard	ta	2,3	Getting stopped out right before price reverses your way
wic	WIC	Benefits & Disability	pillar	fl	1	Nutrition benefits for pregnant people and children under five
widening-a-stop	Widening a Stop	Emotion & Discipline	standard	psych	3	Moving a stop further away to avoid a loss
win-rate	Win Rate	Performance Measurement	pillar	psych	1,3	Percentage of trades that close profitably
winners-tilt	Winner's Tilt	Emotion & Discipline	standard	psych	4	Loosened rules and bigger size after a strong run
wioa	WIOA (Workforce Innovation and Opportunity Act)	Income & Work	standard	fl	1,2,3	Federal fund paying for job training, books, and fees
working-capital	Working capital	Balance Sheet	pillar	fund	1,3	Current assets minus current liabilities
wotc	Work Opportunity Tax Credit (WOTC)	Income & Work	standard	fl	2	Federal tax credit for employers hiring from targeted groups
xbrl	XBRL	Filings & Disclosure	standard	fund	1	Machine-readable tagging that makes filing data downloadable
yield-curve	Yield curve	Bonds	pillar	econ	3,5	Government bond yields plotted against their maturities
yield-to-maturity	Yield to maturity	Bonds	standard	econ	3	Total return if you hold a bond to the end
zero-based-budgeting	Zero-Based Budgeting	Budgeting	pillar	fl	1	Assigning every dollar a job before the month starts
zero-lower-bound	Zero lower bound	Central Banking	standard	econ	3	Point where policy rates cannot usefully fall further
zigzag-correction	Zigzag Correction	Market Structure	standard	ta	5	Sharp three-wave corrective structure in Elliott Wave
zombie-debt	Zombie Debt	Legal & Consumer Rights	standard	fl	2	Time-barred old debt collectors still try to collect
